INDEX,DATA
CHARGEN_FIRSTNAME_MALE1,Anthony
CHARGEN_FIRSTNAME_MALE2,Nicholas
CHARGEN_FIRSTNAME_MALE3,Guillaume
CHARGEN_FIRSTNAME_MALE4,Richard
CHARGEN_FIRSTNAME_MALE5,Kevin
CHARGEN_FIRSTNAME_MALE6,Jean
CHARGEN_FIRSTNAME_MALE7,Zachary
CHARGEN_FIRSTNAME_MALE8,Erick
CHARGEN_FIRSTNAME_MALE9,Liam
CHARGEN_FIRSTNAME_MALE10,Alex
CHARGEN_FIRSTNAME_FEMALE1,Alexandra
CHARGEN_FIRSTNAME_FEMALE2,Amy
CHARGEN_FIRSTNAME_FEMALE3,Lydia
CHARGEN_FIRSTNAME_FEMALE4,Caroline
CHARGEN_FIRSTNAME_FEMALE5,Jessica
CHARGEN_FIRSTNAME_FEMALE6,Miranda
CHARGEN_FIRSTNAME_FEMALE7,Kelly
CHARGEN_FIRSTNAME_FEMALE8,Chantal
CHARGEN_FIRSTNAME_FEMALE9,Jos√©e
CHARGEN_FIRSTNAME_FEMALE10,Amelie
CHARGEN_LASTNAME1,Smith
CHARGEN_LASTNAME2,Johnson
CHARGEN_LASTNAME3,Williams
CHARGEN_LASTNAME4,Brown
CHARGEN_LASTNAME5,Jones
CHARGEN_LASTNAME6,Garcia
CHARGEN_LASTNAME7,Miller
CHARGEN_LASTNAME8,Davis
CHARGEN_LASTNAME9,Martinez
CHARGEN_LASTNAME10,Lopez